<?xml version="1.0"?>
<playground>
    <world sizeX="1000" sizeY="1000"/>
    <atom type="FallDown">
        <color>#ffffff</color>
        <position>50,50</position>
        <radius>20</radius>
        <velocity>2,3</velocity>
    </atom>
    <atom type="FallDown">
        <color>#12ff12</color>
        <position>700,30</position>
        <radius>23</radius>
        <velocity>-5,5</velocity>
    </atom>
    <atom type="Normal">
        <color>#881155</color>
        <position>250,100</position>
        <radius>15</radius>
        <velocity>4,7</velocity>
    </atom>
    <atom type="Normal">
        <color>#1100ff</color>
        <position>30,30</position>
        <radius>25</radius>
        <velocity>5,-12</velocity>
    </atom>
    <atom type="FallDown">
        <color>#22ff00</color>
        <position>300,20</position>
        <radius>18</radius>
        <velocity>9,3</velocity>
    </atom>
    <atom type="Normal">
        <color>#ffaa00</color>
        <position>100,800</position>
        <radius>30</radius>
        <velocity>3,3</velocity>
    </atom>
</playground>
